Id,Name,Shape Library,Page ID,Contained By,Group,Line Source,Line Destination,Source Arrow,Destination Arrow,Status,Text Area 1,Text Area 2,Text Area 3,Text Area 4,Text Area 5,Text Area 6,Text Area 7,Text Area 8,Text Area 9,Text Area 10,Text Area 11,Text Area 12,Text Area 13,Text Area 14,Text Area 15,Text Area 16,Text Area 17,Text Area 18,Text Area 19,Text Area 20,Text Area 21,Text Area 22,Text Area 23,Text Area 24,Text Area 25,Text Area 26,Text Area 27,Text Area 28,Text Area 29,Text Area 30,Text Area 31,Text Area 32,Text Area 33,Text Area 34,Text Area 35,Text Area 36,Text Area 37,Text Area 38,Text Area 39,Text Area 40,Text Area 41,Text Area 42,Text Area 43,Text Area 44,Text Area 45,Text Area 46,Text Area 47,Text Area 48,Text Area 49,Text Area 50,Text Area 51,Text Area 52,Text Area 53,Text Area 54,Text Area 55,Text Area 56,Text Area 57,Text Area 58,Text Area 59,Text Area 60,Text Area 61,Text Area 62,Text Area 63,Text Area 64,Text Area 65,Text Area 66,Text Area 67,Text Area 68,Text Area 69,Text Area 70,Text Area 71,Text Area 72,Text Area 73,Text Area 74,Text Area 75,Text Area 76,Text Area 77,Text Area 78,Text Area 79,Text Area 80,Text Area 81,Text Area 82,Text Area 83,Text Area 84,Text Area 85,Text Area 86,Text Area 87,Text Area 88,Text Area 89,Text Area 90,Text Area 91,Text Area 92,Text Area 93,Text Area 94,Text Area 95,Text Area 96,Text Area 97,Text Area 98,Text Area 99,Text Area 100,Text Area 101,Text Area 102,Text Area 103,Text Area 104,Text Area 105,Text Area 106,Text Area 107,Text Area 108,Text Area 109,Text Area 110,Text Area 111,Comments
1,Document,,,,,,,,,,Blank diagram,,,,,,,,,,,,,,,,,,,,,,,,,,,,,,,,,,,,,,,,,,,,,,,,,,,,,,,,,,,,,,,,,,,,,,,,,,,,,,,,,,,,,,,,,,,,,,,,,,,,,,,,,,,,,,,
2,Page,,,,,,,,,,Page 1,,,,,,,,,,,,,,,,,,,,,,,,,,,,,,,,,,,,,,,,,,,,,,,,,,,,,,,,,,,,,,,,,,,,,,,,,,,,,,,,,,,,,,,,,,,,,,,,,,,,,,,,,,,,,,,
3,Table,Tables,2,,,,,,,,Functional Value,720,,Parameter,1,n,Dynamic Link,,,return to comb(),,,Functional Value,?,,Parameter,2,n,Dynamic Link,,,return to fact(),,,Functional Value,?,,Parameter,3,n,Dynamic Link,,,return to fact(),,,Functional Value,?,,Parameter,4,n,Dynamic Link,,,return to fact(),,,Functional Value,?,,Parameter,5,n,Dynamic Link,,,return to fact(),,,Functional Value,?,,Parameter,n=6,,Dynamic Link,,,return to comb(),,,Parameter,6,n,Parameter,4,r,return to check(),,,Parameter,6,n,Parameter,4,r,Dynamic Link,,,return to input(),,,Local,6,n,Local,4,r,Local,val,?,Dynamic Link,,,return to main(),,,,,,
4,Curly Brace Note,Flowchart Shapes,2,,,,,,,,ARI for main,,,,,,,,,,,,,,,,,,,,,,,,,,,,,,,,,,,,,,,,,,,,,,,,,,,,,,,,,,,,,,,,,,,,,,,,,,,,,,,,,,,,,,,,,,,,,,,,,,,,,,,,,,,,,,,
5,Curly Brace Note,Flowchart Shapes,2,,,,,,,,ARI for input(),,,,,,,,,,,,,,,,,,,,,,,,,,,,,,,,,,,,,,,,,,,,,,,,,,,,,,,,,,,,,,,,,,,,,,,,,,,,,,,,,,,,,,,,,,,,,,,,,,,,,,,,,,,,,,,
6,Curly Brace Note,Flowchart Shapes,2,,,,,,,,ARI for check(),,,,,,,,,,,,,,,,,,,,,,,,,,,,,,,,,,,,,,,,,,,,,,,,,,,,,,,,,,,,,,,,,,,,,,,,,,,,,,,,,,,,,,,,,,,,,,,,,,,,,,,,,,,,,,,
7,Curly Brace Note,Flowchart Shapes,2,,,,,,,,ARI for comb(),,,,,,,,,,,,,,,,,,,,,,,,,,,,,,,,,,,,,,,,,,,,,,,,,,,,,,,,,,,,,,,,,,,,,,,,,,,,,,,,,,,,,,,,,,,,,,,,,,,,,,,,,,,,,,,
8,Curly Brace Note,Flowchart Shapes,2,,,,,,,,First ARI for fact(),,,,,,,,,,,,,,,,,,,,,,,,,,,,,,,,,,,,,,,,,,,,,,,,,,,,,,,,,,,,,,,,,,,,,,,,,,,,,,,,,,,,,,,,,,,,,,,,,,,,,,,,,,,,,,,
9,Curly Brace Note,Flowchart Shapes,2,,,,,,,,Second ARI for fact(),,,,,,,,,,,,,,,,,,,,,,,,,,,,,,,,,,,,,,,,,,,,,,,,,,,,,,,,,,,,,,,,,,,,,,,,,,,,,,,,,,,,,,,,,,,,,,,,,,,,,,,,,,,,,,,
10,Curly Brace Note,Flowchart Shapes,2,,,,,,,,Third ARI for fact(),,,,,,,,,,,,,,,,,,,,,,,,,,,,,,,,,,,,,,,,,,,,,,,,,,,,,,,,,,,,,,,,,,,,,,,,,,,,,,,,,,,,,,,,,,,,,,,,,,,,,,,,,,,,,,,
11,Curly Brace Note,Flowchart Shapes,2,,,,,,,,Fourth ARI for fact(),,,,,,,,,,,,,,,,,,,,,,,,,,,,,,,,,,,,,,,,,,,,,,,,,,,,,,,,,,,,,,,,,,,,,,,,,,,,,,,,,,,,,,,,,,,,,,,,,,,,,,,,,,,,,,,
12,Curly Brace Note,Flowchart Shapes,2,,,,,,,,Fifth ARI for fact(),,,,,,,,,,,,,,,,,,,,,,,,,,,,,,,,,,,,,,,,,,,,,,,,,,,,,,,,,,,,,,,,,,,,,,,,,,,,,,,,,,,,,,,,,,,,,,,,,,,,,,,,,,,,,,,
13,Curly Brace Note,Flowchart Shapes,2,,,,,,,,Sixth ARI for fact(),,,,,,,,,,,,,,,,,,,,,,,,,,,,,,,,,,,,,,,,,,,,,,,,,,,,,,,,,,,,,,,,,,,,,,,,,,,,,,,,,,,,,,,,,,,,,,,,,,,,,,,,,,,,,,,
14,Line,,2,,,3,3,None,Arrow,,,,,,,,,,,,,,,,,,,,,,,,,,,,,,,,,,,,,,,,,,,,,,,,,,,,,,,,,,,,,,,,,,,,,,,,,,,,,,,,,,,,,,,,,,,,,,,,,,,,,,,,,,,,,,,,,
15,Line,,2,,,3,3,None,Arrow,,,,,,,,,,,,,,,,,,,,,,,,,,,,,,,,,,,,,,,,,,,,,,,,,,,,,,,,,,,,,,,,,,,,,,,,,,,,,,,,,,,,,,,,,,,,,,,,,,,,,,,,,,,,,,,,,
16,Line,,2,,,3,3,None,Arrow,,,,,,,,,,,,,,,,,,,,,,,,,,,,,,,,,,,,,,,,,,,,,,,,,,,,,,,,,,,,,,,,,,,,,,,,,,,,,,,,,,,,,,,,,,,,,,,,,,,,,,,,,,,,,,,,,
17,Line,,2,,,3,3,None,Arrow,,,,,,,,,,,,,,,,,,,,,,,,,,,,,,,,,,,,,,,,,,,,,,,,,,,,,,,,,,,,,,,,,,,,,,,,,,,,,,,,,,,,,,,,,,,,,,,,,,,,,,,,,,,,,,,,,
18,Line,,2,,,3,3,None,Arrow,,,,,,,,,,,,,,,,,,,,,,,,,,,,,,,,,,,,,,,,,,,,,,,,,,,,,,,,,,,,,,,,,,,,,,,,,,,,,,,,,,,,,,,,,,,,,,,,,,,,,,,,,,,,,,,,,
19,Line,,2,,,3,3,None,Arrow,,,,,,,,,,,,,,,,,,,,,,,,,,,,,,,,,,,,,,,,,,,,,,,,,,,,,,,,,,,,,,,,,,,,,,,,,,,,,,,,,,,,,,,,,,,,,,,,,,,,,,,,,,,,,,,,,
20,Line,,2,,,3,3,None,Arrow,,,,,,,,,,,,,,,,,,,,,,,,,,,,,,,,,,,,,,,,,,,,,,,,,,,,,,,,,,,,,,,,,,,,,,,,,,,,,,,,,,,,,,,,,,,,,,,,,,,,,,,,,,,,,,,,,
21,Line,,2,,,3,3,None,Arrow,,,,,,,,,,,,,,,,,,,,,,,,,,,,,,,,,,,,,,,,,,,,,,,,,,,,,,,,,,,,,,,,,,,,,,,,,,,,,,,,,,,,,,,,,,,,,,,,,,,,,,,,,,,,,,,,,